{
    "timestamp": "20250519_121008",
    "formula": {
        "success_rate_weight": 40,
        "similarity_weight": 30,
        "speed_weight": 20,
        "token_weight": 10
    },
    "results": [
        {
            "file": "riepilogo_finale_cogito_op.json",
            "score": 66.13878518471027,
            "passed": 85,
            "failed": 75,
            "avg_duration": 48.84705882352941,
            "avg_tokens": 214.35294117647058,
            "avg_similarity": 0.9113333333333334
        },
        {
            "file": "riepilogo_finale_cogito_np.json",
            "score": 61.165360266945314,
            "passed": 64,
            "failed": 96,
            "avg_duration": 44.328125,
            "avg_tokens": 203.84375,
            "avg_similarity": 0.9159505208333334
        }
    ]
}